"AMST 485","Senior Thesis"," "
"AMST 491","Individual Study"," "
"ANTH 101","Intro Cultural & Social Anthro"," "
"ANTH 101","Intro Cultural & Social Anthro"," "
"ANTH 321","Anthropology of Food"," "
"ANTH 341","Practices of Memory"," "
"ANTH 344","Urban Theory & Ethnography"," "
"ANTH 371GG","Medical Anthropology"," "
"ANTH 371MM","Anthropology of Education"," "
"ANTH 481","Senior Thesis"," "
"ARAB 102","Beginning Arabic"," "
"ARAB 102","Beginning Arabic"," "
"ARAB 202","Intermediate Arabic"," "
"ARAB 302","Advanced Arabic"," "
"ARTH 114A","History of Western Art I"," "
"ARTH 114A","History of Western Art I"," "
"ARTH 115A","History of Western Art II"," "
"ARTH 115A","History of Western Art II",
